name,link,note
Benelfahsi,https://github.com/hessman/b2-net,16.5
boisson,https://github.com/VernerBoisson/B2-CCNA2,17.5
Bordas , https://github.com/SLBORDAS/TPS-Reseaux-2019,
burle,https://github.com/CleliaBurle/TP2,17.5
pena, // ,17.5
castaing,https://github.com/AlexandreCastaing/CCNA_2,15
ferreira, //,15
charles,https://ithub.com/Casamandine/B2-CCNA2,15
erisset, //,15
galmot, //,15
clemencon,https://github.com/GabrielClmcn/B2-Reseau,
bacle, //,15
consejo,https://github.com/lucasconsejo/CCNA2-TPs,16
dinh,https://github.com/KyoshinSan/B2-CCNA,17
hernandez,17
seghir,17
gans,https://github.com/QuentG/Tp-Reseau,18
paris, //, 18
germain,https://github.com/Maximingesup/B2A-TP-CCNA2,15
hivert,https://github.com/paulhiv/reseau-b2,17
ximenes,//,17
lafuente,https://github.com/paralixo/b2-ccna1-tp2,17.5
mehaye,17.5
sombrun,17.5
LYS,https://github.com/guiguich/ccna2,5
musseau,https://github.com/maximemusseau/TP_Reseau,16
lazar,//,16
nicolas,https://github.com/BouBooo/CCNA_B2,16.5
le cossezc, //,16.5
nicolleau,https://github.com/hessman/b2-net,16.5
Ollivier--Drolshagen,https://github.com/Yusahora/Tp-reseau,15
blanchet, //,15
orlando,https://github.com/DamienOrl/TP-reseau-2,12
Phébidias,https://github.com/Ewillian/CCNA2,16
le coq, //,16
platel,https://github.com/macarthy1408/B2-Python,10
rougagnou,https://github.com/borrougagnou/B2-Reseau,17
garnier, //,17
salif,https://github.com/Ervin11/b2-net-tp2,15
sella,https://github.com/Astrayil/reseaux-tp,16.5
Dauguen,https://github.com/ArnaudDauguen/CCNA2,
